year,co2_obs,co2_cf,fossil,wind_solar,other_clean,coal,demand
2005,2.049533349419959,2.049533349419959,2042.8000000000002,2.03,455.43,1980.15,2494.08
2006,2.324384883616927,2.3261293651866706,2364.1600000000003,3.8,497.76,2302.42,2858.84
2007,2.618493039540446,2.6219218235992843,2718.7,5.590000000000001,557.25,2656.7,3271.23
2008,2.607519456203071,2.618110801897621,2762.29,13.25,720.22,2708.91,3482.96
2009,2.7438253623364015,2.7676342757885255,2980.2,27.89,706.55,2911.52,3703.26
2010,3.0061673079154243,3.0493640418902475,3346.04,50.1,811.02,3233.6,4193.65
2011,3.398288520179453,3.4645305967226454,3833.44,76.71,802.87,3690.87,4700.28
2012,3.412378493515891,3.504172063516742,3889.66,106.64,991.2399999999999,3748.19,4976.76
2013,3.6707010285844106,3.796310906002268,4226.76,146.63,1058.24,4077.37,5420.4
2014,3.7845458307930624,3.941477232873216,4372.0,183.26999999999998,1239.18,4203.06,5783.04
2015,3.618187707544131,3.8081348897046903,4249.54,225.07,1339.97,4046.17,5802.14
2016,3.7210050472784695,3.9795214926612994,4397.1900000000005,307.39,1428.5800000000002,4156.35,6120.44
2017,3.942352983831734,4.29593410604842,4689.28,422.40000000000003,1492.7599999999998,4430.03,6591.39
2018,4.221913195516057,4.675388672439206,5035.75,542.7,1587.69,4763.85,7150.92
2019,4.279037592265403,4.801384611758869,5140.09,629.3,1734.04,4855.12,7486.63
2020,4.253617830513754,4.844046051583364,5227.860000000001,727.6,1823.6100000000001,4921.89,7762.03
2021,4.663427676041914,5.469096803756929,5677.960000000001,982.8,1873.5,5333.8,8520.02
2022,4.729658360238797,5.705295467866985,5760.27,1189.94,1898.4999999999998,5414.72,8835.76
2023,5.009814219278975,6.210301099449758,6127.51,1470.02,1858.92,5752.74,9439.37
2024,5.103749993201331,6.604942689898199,6237.200000000001,1836.08,2013.6,5827.6,10069.88
2025,5.055995660172644,6.94538254450118,6178.910000000001,2310.37,2088.43,5772.31,10558.25
