group,scenario,cum_Gt,y2025_Gt,pct_of_headline,c_eff,r,f_coal,f_gas,f_oil,f_all,w_eff
named,Headline,23.05123,3.73192,100.00000,0.00000,0.00000,0.00000,0.00000,0.00000,0.00000,0.00000
named,Central (all channels),19.15666,3.04267,83.10473,0.07207,0.01756,0.03597,0.17548,0.42460,0.08182,0.00000
named,All low,21.66127,3.46804,93.97010,0.04213,-0.01073,0.00509,0.06421,0.23658,0.02717,0.00000
named,All high,10.44813,1.69142,45.32568,0.09979,0.08778,0.38182,0.32948,0.42466,0.37226,0.09077
named,"Critic's construction (integrated markets, s = 1)",16.55810,2.70784,71.83174,0.00000,0.00000,0.23265,0.37422,0.43910,0.27168,0.00000
named,Alternative: whole-market coal elasticity (s = 1 for coal),16.74545,2.68954,72.64447,0.07207,0.01756,0.18481,0.17548,0.42460,0.19249,0.00000
named,Alternative: linear (small-change) fuel-market formula,19.07933,3.02324,82.76926,0.07207,0.01756,0.03849,0.18310,0.42541,0.08537,0.00000
named,Alternative: flat 7% cycling (no penetration scaling),19.19914,3.12770,83.28898,0.07000,0.01756,0.03588,0.17587,0.42462,0.08192,0.00000
step,1 cycling,21.32875,3.36626,92.52758,0.07207,0.00000,0.00000,0.00000,0.00000,0.00000,0.00000
step,2 + electricity rebound,20.93940,3.30428,90.83852,0.07207,0.01756,0.00000,0.00000,0.00000,0.00000,0.00000
step,3 + fuel-market rebound,19.15666,3.04267,83.10473,0.07207,0.01756,0.03597,0.17548,0.42460,0.08182,0.00000
step,4 + EU ETS waterbed,19.15666,3.04267,83.10473,0.07207,0.01756,0.03597,0.17548,0.42460,0.08182,0.00000
steprange,1 cycling|low,22.04424,3.51815,95.63151,0.04213,0.00000,0.00000,0.00000,0.00000,0.00000,0.00000
steprange,1 cycling|high,20.66625,3.22563,89.65358,0.09979,0.00000,0.00000,0.00000,0.00000,0.00000,0.00000
steprange,2 + electricity rebound|low,21.56699,3.40408,93.56110,0.07207,-0.01073,0.00000,0.00000,0.00000,0.00000,0.00000
steprange,2 + electricity rebound|high,19.38200,3.05637,84.08226,0.07207,0.08778,0.00000,0.00000,0.00000,0.00000,0.00000
steprange,3 + fuel-market rebound|low,20.34543,3.22030,88.26177,0.07207,0.01756,0.00512,0.06430,0.23660,0.02726,0.00000
steprange,3 + fuel-market rebound|high,17.60757,2.81079,76.38452,0.07207,0.01756,0.08719,0.32831,0.42460,0.15292,0.00000
steprange,4 + EU ETS waterbed|low,19.15666,3.04267,83.10473,0.07207,0.01756,0.03597,0.17548,0.42460,0.08182,0.00000
steprange,4 + EU ETS waterbed|high,17.43885,2.79981,75.65258,0.07207,0.01756,0.03597,0.17548,0.42460,0.08182,0.09077
oat,Cycling|low,19.80344,3.18148,85.91054,0.04213,0.01756,0.03586,0.17542,0.42458,0.08176,0.00000
oat,Cycling|high,18.55797,2.91420,80.50750,0.09979,0.01756,0.03607,0.17552,0.42461,0.08187,0.00000
oat,Electricity-demand rebound|low,19.87429,3.15793,86.21791,0.07207,-0.01756,0.03589,0.17522,0.42457,0.08170,0.00000
oat,Electricity-demand rebound|high,17.72192,2.81229,76.88058,0.07207,0.08778,0.03613,0.17600,0.42465,0.08206,0.00000
oat,Electrification netting|low,19.29302,3.06471,83.69626,0.07207,0.01073,0.03596,0.17540,0.42459,0.08193,0.00000
oat,Electrification netting|high,19.15666,3.04267,83.10473,0.07207,0.01756,0.03597,0.17548,0.42460,0.08182,0.00000
oat,China & India coal supply|low,19.37213,3.08106,84.03944,0.07207,0.01756,0.02267,0.17548,0.42460,0.07193,0.00000
oat,China & India coal supply|high,18.96663,3.00870,82.28033,0.07207,0.01756,0.04770,0.17548,0.42460,0.09054,0.00000
oat,US & RoW coal supply|low,19.32802,3.06416,83.84809,0.07207,0.01756,0.02539,0.17548,0.42460,0.07396,0.00000
oat,US & RoW coal supply|high,18.85278,3.00490,81.78645,0.07207,0.01756,0.05473,0.17548,0.42460,0.09577,0.00000
oat,Coal demand elasticity|low,19.30072,3.06207,83.72968,0.07207,0.01756,0.02708,0.17548,0.42460,0.07521,0.00000
oat,Coal demand elasticity|high,18.97912,3.01774,82.33453,0.07207,0.01756,0.04693,0.17548,0.42460,0.08997,0.00000
oat,Gas supply|low,19.49248,3.09606,84.56157,0.07207,0.01756,0.03597,0.10413,0.42460,0.06641,0.00000
oat,Gas supply|high,18.76152,2.97771,81.39052,0.07207,0.01756,0.03597,0.25943,0.42460,0.09996,0.00000
oat,Gas demand elasticity|low,19.41719,3.08395,84.23495,0.07207,0.01756,0.03597,0.12013,0.42460,0.06986,0.00000
oat,Gas demand elasticity|high,18.93022,3.00679,82.12240,0.07207,0.01756,0.03597,0.22358,0.42460,0.09221,0.00000
oat,Steel & heat-plant elasticity|low,19.37153,3.07763,84.03685,0.07207,0.01756,0.02474,0.16847,0.42460,0.07196,0.00000
oat,Steel & heat-plant elasticity|high,19.15666,3.04267,83.10473,0.07207,0.01756,0.03597,0.17548,0.42460,0.08182,0.00000
oat,Coal import margin|low,19.17129,3.04549,83.16818,0.07207,0.01756,0.03507,0.17548,0.42460,0.08115,0.00000
oat,Coal import margin|high,19.14256,3.04003,83.04356,0.07207,0.01756,0.03684,0.17548,0.42460,0.08247,0.00000
oat,Gas contract era|low,19.15666,3.04267,83.10473,0.07207,0.01756,0.03597,0.17548,0.42460,0.08182,0.00000
oat,Gas contract era|high,19.13886,3.04267,83.02748,0.07207,0.01756,0.03597,0.17926,0.42460,0.08264,0.00000
oat,EU ETS waterbed|low,19.15666,3.04267,83.10473,0.07207,0.01756,0.03597,0.17548,0.42460,0.08182,0.00000
oat,EU ETS waterbed|high,17.43885,2.79981,75.65258,0.07207,0.01756,0.03597,0.17548,0.42460,0.08182,0.09077
oat,Oil market|low,19.32226,3.06282,83.82309,0.07207,0.01756,0.03597,0.17548,0.23660,0.07422,0.00000
oat,Oil market|high,19.15666,3.04267,83.10473,0.07207,0.01756,0.03597,0.17548,0.42460,0.08182,0.00000
alone,c|low,22.04424,3.51815,95.63151,0.04213,0.00000,0.00000,0.00000,0.00000,0.00000,0.00000
alone,c|central,21.32875,3.36626,92.52758,0.07207,0.00000,0.00000,0.00000,0.00000,0.00000,0.00000
alone,c|high,20.66625,3.22563,89.65358,0.09979,0.00000,0.00000,0.00000,0.00000,0.00000,0.00000
alone,r|low,23.30773,3.77366,101.11274,0.00000,-0.01073,0.00000,0.00000,0.00000,0.00000,0.00000
alone,r|central,22.63164,3.66352,98.17975,0.00000,0.01756,0.00000,0.00000,0.00000,0.00000,0.00000
alone,r|high,20.95328,3.38992,90.89875,0.00000,0.08778,0.00000,0.00000,0.00000,0.00000,0.00000
alone,w|low,23.05123,3.73192,100.00000,0.00000,0.00000,0.00000,0.00000,0.00000,0.00000,0.00000
alone,w|central,23.05123,3.73192,100.00000,0.00000,0.00000,0.00000,0.00000,0.00000,0.00000,0.00000
alone,w|high,20.88170,3.41894,90.58822,0.00000,0.00000,0.00000,0.00000,0.00000,0.00000,0.09077
alone,f|low,22.40071,3.63827,97.17795,0.00000,0.00000,0.00506,0.06417,0.23657,0.02722,0.00000
alone,f|central,21.10088,3.44060,91.53906,0.00000,0.00000,0.03567,0.17517,0.42454,0.08160,0.00000
alone,f|high,19.41405,3.18363,84.22133,0.00000,0.00000,0.08631,0.32717,0.42454,0.15218,0.00000
