year,Headline,Central (all channels),All low,All high,"Critic's construction (integrated markets, s = 1)",Alternative: whole-market coal elasticity (s = 1 for coal),Alternative: linear (small-change) fuel-market formula,Alternative: flat 7% cycling (no penetration scaling)
2006,0.02447,0.02170,0.02373,0.01243,0.01717,0.01849,0.02170,0.02034
2007,0.05668,0.05104,0.05546,0.02874,0.04054,0.04319,0.05103,0.04802
2008,0.10179,0.09070,0.09906,0.04813,0.07250,0.07667,0.09068,0.08538
2009,0.15121,0.13597,0.14790,0.07219,0.10832,0.11525,0.13592,0.12831
2010,0.21623,0.19495,0.21196,0.10440,0.15589,0.16547,0.19487,0.18422
2011,0.30742,0.27603,0.30061,0.14668,0.22186,0.23463,0.27587,0.26275
2012,0.39800,0.34808,0.38506,0.18861,0.28663,0.29605,0.34775,0.33307
2013,0.50553,0.44050,0.48765,0.23863,0.36445,0.37418,0.44002,0.42375
2014,0.60835,0.52615,0.58428,0.28798,0.43690,0.44858,0.52548,0.50816
2015,0.72096,0.61487,0.68815,0.34144,0.51471,0.52839,0.61381,0.59615
2016,0.85163,0.72364,0.81118,0.41142,0.60644,0.62612,0.72227,0.70380
2017,1.06742,0.90368,1.01439,0.51547,0.76266,0.78328,0.90165,0.88401
2018,1.25017,1.05532,1.18585,0.55426,0.89475,0.91676,1.05273,1.03715
2019,1.40391,1.17417,1.32512,0.62445,1.00026,1.02599,1.17069,1.15990
2020,1.57932,1.31388,1.48656,0.70138,1.12491,1.15268,1.30904,1.30667
2021,1.95077,1.60971,1.82607,0.87643,1.39471,1.41065,1.60379,1.61716
2022,2.31741,1.90246,2.16236,1.02669,1.66617,1.66662,1.89419,1.93200
2023,2.69017,2.19498,2.50237,1.18516,1.93737,1.93141,2.18342,2.24382
2024,3.11788,2.53616,2.89548,1.39223,2.24401,2.24150,2.52119,2.59679
2025,3.73192,3.04267,3.46804,1.69142,2.70784,2.68954,3.02324,3.12770
