fuel,segment,Q0_Mt,delta_Mt,delta_over_Q0,s_nonpower,eta,x,f
coal,China,7076.71310,1358.47102,0.19196,0.59105,3.00000,1.05879,0.02623
coal,India,1880.88720,205.92320,0.10948,0.21334,3.00000,1.03478,0.01339
coal,Rest of world,3242.24400,817.58901,0.25217,0.41169,1.55000,1.14810,0.05335
coal,United States,746.90450,220.06284,0.29463,0.06315,1.55000,1.17924,0.01177
gas,Administered,2439.37330,35.51523,0.01456,0.70150,,1.00000,0.00000
gas,Asian LNG importers,580.92970,39.39977,0.06782,0.48879,0.81000,1.07048,0.16375
gas,China,1196.17020,67.65762,0.05656,0.84141,0.81000,1.05127,0.26922
gas,Europe,859.95150,184.76801,0.21486,0.81684,0.81000,1.21865,0.19150
gas,North America,2054.13740,252.43237,0.12289,0.60089,0.81000,1.12739,0.17003
gas,Rest of world,933.85250,179.60000,0.19232,0.51469,0.81000,1.20339,0.15872
oil,World,11266.34200,107.01041,0.00950,0.94710,0.42000,1.01304,0.42547
