region,year,co2_obs,co2_cf,gen,ws,other_clean,coal,gas,fossil
United States,2000,2.341831728018159,2.341831728018159,3802.1000000000004,20.17,1084.6499999999999,1966.27,614.99,2697.28
United States,2001,2.307530882201827,2.307530882201827,3727.5699999999997,22.17,1026.72,1903.96,639.13,2678.6800000000003
United States,2002,2.33393136885493,2.33393136885493,3844.23,27.04,1089.36,1933.13,691.01,2727.8300000000004
United States,2003,2.3793218251190016,2.3793218251190016,3868.94,28.57,1084.34,1973.74,649.91,2756.03
United States,2004,2.4098358571601364,2.4098358571601364,3951.95,31.67,1102.0,1978.3,710.1,2818.28
United States,2005,2.464819467370583,2.464819467370583,4034.99,35.0,1100.03,2012.87,760.96,2899.96
United States,2006,2.421480382277337,2.4287231795038644,4046.94,43.61,1124.77,1990.51,816.44,2878.56
United States,2007,2.4860166236616412,2.4999590201595088,4142.57,51.760000000000005,1102.57,2016.46,896.59,2988.2400000000002
United States,2008,2.4306036701412697,2.4626358937579664,4107.53,73.53999999999999,1109.78,1985.8,882.98,2924.2099999999996
United States,2009,2.210257173759525,2.256677788997004,3939.82,92.25,1122.16,1755.9,920.98,2725.4100000000003
United States,2010,2.3283169907060124,2.391864328759121,4113.94,113.69,1117.76,1847.29,987.7,2882.49
United States,2011,2.219471788508911,2.303110454503191,4088.8700000000003,140.14,1159.8000000000002,1733.43,1013.69,2788.93
United States,2012,2.088018341649303,2.1844094746661007,4040.6700000000005,163.41,1098.24,1514.04,1225.89,2779.0200000000004
United States,2013,2.110224693758396,2.233581736381796,4055.6099999999997,195.64,1113.76,1581.11,1124.84,2746.21
United States,2014,2.112596880767441,2.2619193044181554,4096.009999999999,229.64999999999998,1114.35,1581.71,1126.61,2752.0099999999998
United States,2015,1.9678380399576978,2.121781618101812,4083.99,248.87,1104.8000000000002,1352.4,1333.48,2730.32
United States,2016,1.8717234484667729,2.058871214659925,4087.5600000000004,301.02000000000004,1129.5800000000002,1239.15,1378.31,2656.96
United States,2017,1.8053845943642024,2.029357223184486,4052.3100000000004,350.62000000000006,1161.52,1205.84,1296.44,2540.1699999999996
United States,2018,1.8284308021647475,2.068431214295231,4201.549999999999,384.72,1155.53,1149.49,1469.13,2661.2999999999997
United States,2019,1.6865344184224718,1.9373774545143203,4158.38,420.64,1149.53,964.96,1585.81,2588.21
United States,2020,1.5049719395870025,1.7843301046772304,4043.18,486.74999999999994,1124.53,773.39,1624.17,2431.9
United States,2021,1.6161861807464826,1.9541545850068347,4153.62,560.86,1080.37,898.0,1579.19,2512.39
United States,2022,1.596973931887626,1.9855412566383435,4286.889999999999,657.53,1072.1499999999999,831.51,1687.06,2557.2099999999996
United States,2023,1.4800419118871575,1.8586891897979088,4253.91,678.53,1061.08,675.11,1806.06,2514.3
United States,2024,1.484542456307929,1.9138595279869393,4391.0199999999995,773.17,1065.32,652.16,1869.9,2552.5299999999997
United States,2025,1.5479025799433044,2.050121869013859,4519.79,870.9100000000001,1072.67,737.15,1807.34,2576.2099999999996
United Kingdom,2000,0.1802194762857941,0.1802194762857941,377.06,0.94,94.03,119.95,148.08,282.09000000000003
United Kingdom,2001,0.18632050218434704,0.18632050218434704,384.77000000000004,0.96,98.67,131.46,141.91,285.14
United Kingdom,2002,0.18601862172880346,0.18601862172880346,387.24,1.25,97.72,124.28,152.28,288.27
United Kingdom,2003,0.19611503429196284,0.19611503429196284,398.21000000000004,1.29,98.09,138.46,148.88,298.83000000000004
United Kingdom,2004,0.18826833532779816,0.18826833532779816,393.92,1.94,92.2,131.79,157.06,299.78000000000003
United Kingdom,2005,0.19143725423054977,0.19143725423054977,398.3499999999999,2.9099999999999997,95.64,134.64,152.64,299.79999999999995
United Kingdom,2006,0.20073293325488847,0.20159966949613156,397.27000000000004,4.2299999999999995,89.32000000000001,148.85,140.83,303.72
United Kingdom,2007,0.19783458765373044,0.19931657114226015,396.81,5.279999999999999,77.43,135.94,165.79,314.1
United Kingdom,2008,0.19295488558095558,0.19621258186833299,388.96,7.1499999999999995,67.28,124.38,176.22,314.53000000000003
United Kingdom,2009,0.16937139608623933,0.17317032060439494,376.76,9.299999999999999,85.03999999999999,103.04,166.5,282.42
United Kingdom,2010,0.1751401316794614,0.179528782932038,382.06000000000006,10.329999999999998,77.99000000000001,107.59,175.65,293.74
United Kingdom,2011,0.16248859855911088,0.17061297362504738,367.96999999999997,16.2,87.98,108.44,146.5,263.79
United Kingdom,2012,0.17444299254803947,0.18703426666257747,363.86999999999995,21.19,90.46,142.79,100.17,252.21999999999997
United Kingdom,2013,0.16238889448117197,0.18135404104577577,358.28,30.409999999999997,93.41,130.26,95.84,234.45999999999998
United Kingdom,2014,0.13782554255244678,0.15939802537507278,338.08,36.0,92.26,100.24,100.89,209.82
United Kingdom,2015,0.11387936333438148,0.14112860131355198,338.87,47.800000000000004,105.9,75.88,99.88,185.17
United Kingdom,2016,0.09317955463170946,0.11505040357210966,339.17999999999995,47.56999999999999,107.17000000000002,30.67,143.13,184.44
United Kingdom,2017,0.08189580936219984,0.10913268174860934,338.22,61.11,108.12,22.53,136.75,168.99
United Kingdom,2018,0.07405775632328661,0.10386084984004101,333.76,69.59,105.61,16.83,131.49,158.56
United Kingdom,2019,0.06520444104904256,0.09485817423669596,327.19000000000005,76.27000000000001,99.65,6.92,133.09,151.26999999999998
United Kingdom,2020,0.05454781676457942,0.08922827495093322,310.3,88.17,95.7,5.7,111.89,126.43
United Kingdom,2021,0.06025858985471092,0.09054085243009452,307.9,77.06,91.53,6.79,122.84,139.31
United Kingdom,2022,0.06114053565423117,0.09758206036419206,324.58,93.55,88.91,5.94,125.11,142.12
United Kingdom,2023,0.05417129896563861,0.09468664010687342,292.53,96.03,80.24000000000001,3.78,101.66,116.25999999999999
United Kingdom,2024,0.0464890135301669,0.08606841335697821,284.16,98.07,86.44,1.9,86.3,99.65
United Kingdom,2025,0.04788698218943559,0.09034572054221049,292.31,105.16,83.14,0.33,90.91,104.00999999999999
European Union,2000,1.0317634928185262,1.0317634928185262,2622.1800000000003,26.620000000000005,1240.23,800.33,328.19,1355.33
European Union,2001,1.0576315884910272,1.0576315884910272,2698.92,31.01,1294.2300000000002,792.9200000000001,351.40999999999997,1373.6799999999998
European Union,2002,1.093429074497533,1.093429074497533,2722.12,40.59,1251.74,814.3399999999999,374.6,1429.79
European Union,2003,1.0796540999607331,1.0796540999607331,2799.93,49.629999999999995,1254.9800000000002,849.0400000000001,418.9,1495.3200000000002
European Union,2004,1.0867021258032874,1.0867021258032874,2867.55,64.21,1304.41,835.4200000000001,458.47999999999996,1498.93
European Union,2005,1.0865818477660592,1.0865818477660592,2884.39,75.45000000000003,1284.1,808.8899999999999,512.5400000000001,1524.84
European Union,2006,1.0957990698712192,1.1040142613799906,2932.31,87.35,1294.28,816.4999999999999,540.05,1550.6799999999998
European Union,2007,1.1045705158911427,1.128546412213003,2947.71,110.02,1258.39,828.74,571.96,1579.3
European Union,2008,1.0592820620726986,1.092826837458269,2959.78,126.97000000000003,1298.4099999999999,757.0099999999999,611.6500000000001,1534.3999999999999
European Union,2009,0.9621873857594885,1.0049166296449108,2808.3400000000006,144.82,1251.16,703.55,564.0300000000001,1412.36
European Union,2010,0.975735997421307,1.0343194641191806,2945.54,169.46,1337.76,701.1999999999998,587.36,1438.32
European Union,2011,0.9727166247893108,1.0640881686362358,2908.6899999999996,219.54000000000002,1264.18,724.8099999999998,556.85,1424.9699999999998
European Union,2012,0.9622253209484757,1.085059553250722,2903.4700000000003,264.3299999999999,1276.49,742.6800000000001,482.70000000000005,1362.65
European Union,2013,0.9118097638231556,1.0605024400550902,2883.6900000000005,299.75,1313.38,728.9,413.42999999999995,1270.56
European Union,2014,0.8591735355173425,1.0268635186249764,2823.91,322.85,1326.8799999999999,692.78,355.41,1174.18
European Union,2015,0.8804451442060413,1.075034874826036,2870.37,370.56999999999994,1272.06,705.03,394.84,1227.7399999999998
European Union,2016,0.8669353272696714,1.0590484333201422,2891.3999999999996,374.63000000000005,1264.6399999999999,659.1599999999999,464.77000000000004,1252.1299999999999
European Union,2017,0.8649450964237652,1.0847729667705914,2922.98,426.24,1207.38,638.8600000000001,523.62,1289.36
European Union,2018,0.8146818831765269,1.045784372134722,2908.62,442.03,1261.24,595.5400000000001,488.95000000000005,1205.3500000000001
European Union,2019,0.704373529224015,0.951639705555092,2874.5,498.90000000000003,1245.2799999999997,450.78999999999996,568.62,1130.32
European Union,2020,0.599938439752253,0.8644333312465289,2753.09,550.11,1193.19,352.33,559.7000000000002,1009.7900000000002
European Union,2021,0.6595618013751657,0.9308865715180961,2874.9900000000002,557.02,1251.52,419.0,547.04,1066.45
European Union,2022,0.6839210016177089,1.0006101395466125,2777.41,638.52,1050.64,448.43,533.95,1088.25
European Union,2023,0.551517953188743,0.9385905088869265,2710.19,738.82,1106.88,318.59000000000003,454.82,864.4900000000001
European Union,2024,0.49323349739456934,0.9057741104987351,2773.3699999999994,805.1199999999999,1176.08,271.83,431.23,792.17
European Union,2025,0.48554047523292454,0.9161739520240436,2791.55,852.2800000000001,1136.2900000000002,256.82,463.79,802.98
