year,p5,p50,p95,climate_only_p5,climate_only_p50,climate_only_p95,P_pos,P_pos_climate_only
2006,-6.782922294688803e-05,-2.5581939952434925e-05,-3.7362434054427066e-06,-6.180227501317859e-05,-2.648499867063947e-05,-4.796280791197205e-06,0.019500594530321047,0.015457788347205707
2007,-0.00027586947601527894,-0.00010589203700945443,-1.4892334803850658e-05,-0.00024595021386630833,-0.00011032885231543332,-1.8388540411251597e-05,0.021700356718192627,0.0178359096313912
2008,-0.0006035358659410305,-0.00023332796280181692,-2.8545504684755604e-05,-0.000530068704392761,-0.00024338188813999295,-3.800896956818178e-05,0.026278240190249703,0.022592152199762187
2009,-0.0009938768358589162,-0.00038038100248269916,-3.115112096919174e-05,-0.0008541831048205495,-0.0003894199326168746,-4.367563087726012e-05,0.034007134363852554,0.026159334126040427
2010,-0.0013782366517549683,-0.0005105708165096104,-9.176365775376667e-06,-0.0011724282521754503,-0.0005276481388136744,-3.137915700790472e-05,0.0460166468489893,0.041617122473246136
2011,-0.001821154234721801,-0.0006458838067998683,3.712685715320173e-05,-0.001539871795102954,-0.0006726247956976295,6.555601885338547e-06,0.06206896551724138,0.05112960760998811
2012,-0.002311771068880911,-0.0007845646252057992,0.00011196867367776484,-0.0019419122254475951,-0.0008213120745494962,7.493440352845937e-05,0.08252080856123663,0.06420927467300833
2013,-0.0027455788225817157,-0.0008749228001795949,0.0002312988127749627,-0.0023184276651591063,-0.0009195202146656811,0.00017281869077123702,0.10969084423305589,0.08680142687277051
2014,-0.0031891884351237083,-0.0009413688195274124,0.0003894592674631876,-0.0026959748938679695,-0.0009931836975738406,0.00031077416497282684,0.1442925089179548,0.11652794292508918
2015,-0.003684038619143533,-0.0009949981498263807,0.0005881290437007023,-0.0030895592644810677,-0.0010574404150247574,0.0004887838149443269,0.17936979785969084,0.14625445897740785
2016,-0.004116943999666155,-0.0009874827381658145,0.000853644324208358,-0.0034235408529639244,-0.001068265177309513,0.0007167421863414347,0.22175980975029727,0.1807372175980975
2017,-0.004577093419612206,-0.0009520230535109483,0.0011961107953407167,-0.003763019572943449,-0.001046938356012106,0.0010351060191169381,0.2653983353151011,0.23067776456599287
2018,-0.005187883107606419,-0.0009384190629125827,0.0016058731140982999,-0.0042362092062830925,-0.0010588564909994602,0.0014011372113600373,0.30154577883472056,0.272294887039239
2019,-0.005850599605441336,-0.0008875508276963291,0.0020890220182195655,-0.0047344425693154335,-0.0010177516378462315,0.0018114177510142326,0.3380499405469679,0.30439952437574314
2020,-0.006409078843475226,-0.0007440483298175337,0.002682447179049013,-0.00515773193910718,-0.0008925739675760269,0.002311084419488907,0.3809155766944114,0.3388822829964328
2021,-0.007046375020547017,-0.0005348293927188541,0.0034209292385973013,-0.005587044171988964,-0.0007322396850213408,0.0029304828494787216,0.4256242568370987,0.38287752675386444
2022,-0.007797698395273804,-0.0002926006338865659,0.00429074900166266,-0.006077596917748451,-0.0005569346249103546,0.003648496698588133,0.46510107015457786,0.4221165279429251
2023,-0.008154885020916217,0.00023466284697697647,0.005435119409686409,-0.006310928147286177,-0.00012433253868948668,0.0046479045413434505,0.521462544589774,0.49108204518430437
2024,-0.008082665509547659,0.0010642671897810863,0.006869665944873711,-0.006016880739480257,0.0007137710927054286,0.00587266543880105,0.5903091557669441,0.5719381688466112
2025,-0.008028176446064707,0.0019991490134828524,0.008544105078020885,-0.005813117604702711,0.0015616343589499593,0.0072889626026153564,0.6561236623067777,0.652794292508918
2026,-0.005047284037049398,0.0040495755497671855,0.010416723813114448,-0.0029061671812087297,0.0036159828305244446,0.00877378135919571,0.8011296076099881,0.8299643281807372
2027,-0.0002545438451287732,0.0065018711069546545,0.012185474043585913,0.0011620359728112817,0.006330656819045544,0.010110273957252502,0.9443519619500594,0.9774078478002378
2028,0.0024824419598480393,0.007791328650766477,0.013330710627023444,0.003857198404148221,0.00764844985678792,0.011131265200674534,0.9861474435196195,0.9988109393579072
2029,0.004000250627533908,0.008500545937457367,0.013971149212138649,0.005300883669406176,0.008359634317457676,0.011740113608539104,0.9964922711058264,1.0
2030,0.004889020839362849,0.00896695680222969,0.014359705967459044,0.006110949907451868,0.008836804889142513,0.012151578441262245,0.9990487514863258,1.0
2031,0.005484038082958767,0.00927031330539688,0.014575418824362677,0.006589293014258146,0.009125364944338799,0.012337405234575272,0.9997027348394768,1.0
2032,0.005888649651049716,0.009500408838118972,0.014729831125922393,0.006936491001397371,0.009338933043181896,0.012518667615950108,1.0,1.0
2033,0.0061805096302482545,0.00964446661364864,0.014776307081304495,0.007142539601773024,0.009505053050816059,0.012710964307188988,1.0,1.0
2034,0.006414611376899182,0.009740757433592734,0.01476513198763615,0.007277918513864279,0.00962656456977129,0.012818021699786186,1.0,1.0
2035,0.0065783329395308465,0.009795272532714717,0.01472244128419517,0.007380744908004999,0.00968195591121912,0.012836110778152943,1.0,1.0
2036,0.00669934041656147,0.009825700972419166,0.014665393380847767,0.007437906228005886,0.00970910768955946,0.012945056892931461,1.0,1.0
2037,0.006784532418827454,0.00983673400615618,0.014576369654479459,0.007449622731655836,0.00972712691873312,0.012844850309193134,1.0,1.0
2038,0.006825531055698512,0.00982824362988529,0.014512939560013968,0.0074547999538481236,0.009742086753249168,0.01279324758797884,1.0,1.0
2039,0.0068571031770294005,0.0098081151327685,0.014403320331672154,0.0074461475014686584,0.009720681235194206,0.012839323841035366,1.0,1.0
2040,0.006883222938170226,0.009775447941190583,0.014291073271986577,0.007430370431393385,0.009660364128649235,0.012865664437413216,1.0,1.0
2041,0.006897387857158071,0.009729970657630585,0.014180160994439308,0.007400119211524725,0.009615964256227016,0.012851061299443245,1.0,1.0
2042,0.006894221938895213,0.00967748645581491,0.01405646485494661,0.007352350279688835,0.009574447758495808,0.012824460864067078,1.0,1.0
2043,0.0068781832657296114,0.009628342377104944,0.013962805074947798,0.007301974575966597,0.009541078470647335,0.012839914299547672,1.0,1.0
2044,0.006848679366288099,0.009572879148126276,0.013844153191523555,0.007247183937579393,0.00949804112315178,0.012803271412849426,1.0,1.0
2045,0.006824584439212773,0.009508805891514233,0.013716062919119459,0.007175761740654707,0.009416438639163971,0.012758968397974968,1.0,1.0
2046,0.00679457675966058,0.00943811205788267,0.013605985970967238,0.007113027386367321,0.009369850158691406,0.012706420384347439,1.0,1.0
2047,0.006755488251766639,0.009376604970314506,0.0134880632639668,0.00706885103136301,0.009322472847998142,0.012647990137338638,1.0,1.0
2048,0.006715979367732944,0.009305117383431495,0.013391618449980653,0.006981691811233759,0.009257982484996319,0.012537973932921886,1.0,1.0
2049,0.0066681021047955555,0.009246015011920683,0.01329746171868202,0.006929150316864252,0.009193451143801212,0.012473320588469505,1.0,1.0
2050,0.006633906823564435,0.009177405540711036,0.01319305331655566,0.0068641360849142075,0.0091334767639637,0.012465192936360836,1.0,1.0
