scenario,year,p5,p50,p95,mean,P_pos
Headline,2025,-0.00581,0.00156,0.00729,0.00134,0.65279
Headline,2035,0.00738,0.00968,0.01284,0.00986,1.00000
Headline,2050,0.00686,0.00913,0.01247,0.00930,1.00000
Central (all channels),2025,-0.00604,0.00071,0.00579,0.00046,0.57551
Central (all channels),2035,0.00587,0.00779,0.01044,0.00795,1.00000
Central (all channels),2050,0.00562,0.00749,0.01015,0.00761,1.00000
All low,2025,-0.00586,0.00127,0.00676,0.00106,0.63377
All low,2035,0.00683,0.00900,0.01198,0.00917,1.00000
All low,2050,0.00642,0.00855,0.01162,0.00869,1.00000
All high,2025,-0.00855,-0.00244,0.00211,-0.00278,0.22235
All high,2035,0.00202,0.00336,0.00466,0.00337,0.99881
All high,2050,0.00267,0.00362,0.00493,0.00369,1.00000
"Critic's construction (integrated markets, s = 1)",2025,-0.00887,-0.00140,0.00427,-0.00173,0.36266
"Critic's construction (integrated markets, s = 1)",2035,0.00436,0.00615,0.00825,0.00622,1.00000
"Critic's construction (integrated markets, s = 1)",2050,0.00465,0.00617,0.00839,0.00627,1.00000
Alternative: whole-market coal elasticity (s = 1 for coal),2025,-0.00715,-0.00040,0.00466,-0.00069,0.46492
Alternative: whole-market coal elasticity (s = 1 for coal),2035,0.00482,0.00649,0.00868,0.00661,1.00000
Alternative: whole-market coal elasticity (s = 1 for coal),2050,0.00480,0.00639,0.00865,0.00649,1.00000
