scenario,cum_dCO2_Gt,dT2025_p5,dT2025_p50,dT2025_p95,dT2035_p5,dT2035_p50,dT2035_p95,dT2050_p5,dT2050_p50,dT2050_p95,P_pos_2025
F1_CO2,,0.0057913633063435555,0.007399390917271376,0.009087556041777134,0.007077277638018131,0.009396487846970558,0.012135191820561886,0.006351537071168423,0.008755458518862724,0.01187694352120161,1.0
F1_CO2aer,,-0.00853024236857891,-0.0010129553265869617,0.0043459744192659855,0.005690716207027435,0.007784991059452295,0.010359860956668854,0.006105431821197271,0.008142502047121525,0.011042685247957706,0.40665873959571935
F1_CO2aerNOx,,-0.00936680193990469,-0.0018290389562025666,0.0038621092680841684,0.004253242630511522,0.00615768413990736,0.0084533067420125,0.005271946080029011,0.0072770435363054276,0.009829901158809662,0.33174791914387636
F1_full,23.053719537469608,-0.005813117604702711,0.0015616343589499593,0.0072889626026153564,0.007380744908004999,0.00968195591121912,0.012836110778152943,0.0068641360849142075,0.0091334767639637,0.012465192936360836,0.652794292508918
F1_SO2,,-0.016407661139965057,-0.008204647339880466,-0.0024759697262197733,-0.003419098211452365,-0.0013436039444059134,-0.0003104283823631704,-0.0015031342627480626,-0.00048115922254510224,-9.125502401730046e-05,0.0035671819262782403
F1_BC,,-0.00066237902501598,0.00011151516082463786,0.00031035777647048235,-0.00012599681213032454,1.4474551790044643e-05,5.5015738325892016e-05,-5.3297579142963514e-05,4.4255743887333665e-06,2.3707154468866065e-05,0.6206896551724138
F1_OC,,-0.0004431346897035837,-4.692237052950077e-05,-1.2979038729099557e-05,-9.759938257047907e-05,-7.679966984142084e-06,-1.8740964833341422e-06,-4.000002081738785e-05,-2.9791549422952812e-06,-5.316834972290962e-07,0.0035671819262782403
F1_NOx,,-0.0020870929583907127,-0.0006845865282230079,0.0005901831318624318,-0.002259180648252368,-0.0015887593617662787,-0.0011194465914741158,-0.0013642782578244805,-0.0008590638753958046,-0.0005765238311141729,0.17479191438763378
F1_CH4,,0.0026066044811159372,0.003487265668809414,0.004590591415762901,0.0025353478267788887,0.0035512710455805063,0.004966171458363533,0.0012271429877728224,0.0018463829765096307,0.002906060079112649,1.0
F1_full_x2,,-0.011682084761559963,0.0031403289176523685,0.0145040238276124,0.014712692238390446,0.019291022792458534,0.025590507313609123,0.013692792505025864,0.018235841765999794,0.0248857568949461,0.6504161712247325
F1_full_x05,,-0.0028996672481298447,0.0007873556460253894,0.003653606167063117,0.0036981047596782446,0.004846085328608751,0.006427003536373377,0.003436682280153036,0.004570557735860348,0.006238066125661135,0.652794292508918
F0_full,23.65125389957409,-0.012534549459815025,-0.0018451956566423178,0.006239783484488726,0.0065900832414627075,0.0090695321559906,0.012153915129601955,0.0067576514557003975,0.008981606923043728,0.012196900323033333,0.37217598097502974
F1nat_full,22.58788421718898,-0.004396340809762478,0.0021649403497576714,0.0073872096836566925,0.0073560429736971855,0.009625262580811977,0.012735972180962563,0.006746137980371714,0.009003992192447186,0.01230333186686039,0.7217598097502973
F1marg_full,22.553092605251447,-0.005340490955859423,0.0016736071556806564,0.007196150254458189,0.007277943659573793,0.009516100399196148,0.012630628421902657,0.006733472924679518,0.008960715495049953,0.012237589806318283,0.6682520808561236
F2_full,19.865529542595997,-0.004803939256817102,0.0014438754878938198,0.006435131188482046,0.006633811164647341,0.008626474067568779,0.011413482949137688,0.006003920454531908,0.0080223074182868,0.010994487442076206,0.6587395957193817
F3_full,29.731602670246627,-0.018489889800548553,-0.0037140066269785166,0.007299633696675301,0.008221164345741272,0.011480607092380524,0.015488932840526104,0.008571780286729336,0.011363721452653408,0.015518611297011375,0.3281807372175981
F4_full,15.088515666779227,0.005646629724651575,0.007296865805983543,0.009315635077655315,0.006084185093641281,0.008085159584879875,0.010563258081674576,0.004940461833029985,0.006710242945700884,0.009282284416258335,1.0
F5_full,30.255567065016137,-0.015234889462590218,-0.002117321826517582,0.007480149623006582,0.008350212126970291,0.011496124789118767,0.015399830415844917,0.008623376488685608,0.011428827419877052,0.015477165579795837,0.3864447086801427
ws_F1_full,22.749122481256535,-0.005450547207146883,0.0016670608893036842,0.007252343464642763,0.00734800286591053,0.009615015238523483,0.012763828039169312,0.006801201496273279,0.00904839113354683,0.012360217049717903,0.6623067776456599
wsob_F1_full,26.769592099436608,-0.006068496964871883,0.0071318806149065495,0.027292544022202492,0.009095601737499237,0.012400778941810131,0.019808201119303703,0.008164317347109318,0.011024508625268936,0.016612719744443893,0.751486325802616
F1_full_frontlife,19.767236205097316,-0.006866188254207373,0.0006027469644322991,0.006260772701352835,0.006300244480371475,0.008353467099368572,0.011157551780343056,0.005934782791882753,0.007884174585342407,0.010750562883913517,0.5600475624256838
F1_full_nolife,23.902727547039106,-0.005541152320802212,0.0017912737093865871,0.007548808120191097,0.0076439958065748215,0.01001803856343031,0.013263469561934471,0.007101727649569511,0.009458037093281746,0.012895289808511734,0.6694411414982164
F1_full_lowaer,23.053719537469608,-0.003870605491101742,0.002554244827479124,0.007508492562919855,0.007758843246847391,0.010108930990099907,0.013339662924408913,0.006979090161621571,0.009315453469753265,0.012780307792127132,0.751486325802616
F1_full_CH4x2,,-0.002090715104714036,0.005026441533118486,0.010781725868582726,0.010285724885761738,0.013179421424865723,0.01735854148864746,0.008191369473934174,0.010931015014648438,0.015342499129474163,0.8870392390011891
F1_CO2_lowaer_aer,,-0.006738962139934301,-9.319886157754809e-05,0.004667246248573065,0.005903741344809532,0.00792874488979578,0.010511556640267372,0.006103972438722849,0.008207992650568485,0.011060548014938831,0.4768133174791914
wsob_F1_full_nobiocoemis,26.769592099436604,-0.005861608311533928,0.0023188057821244,0.00866699032485485,0.008525431156158447,0.011188344098627567,0.014826282858848572,0.007931094616651535,0.010562621988356113,0.014408892951905727,0.703923900118906
